"Id","Name","Email","EmailConfirmed","PasswordHash","SecurityStamp","PhoneNumber","PhoneNumberConfirmed","TwoFactorEnabled","LockoutEndDateUtc","LockoutEnabled","AccessFailedCount","UserName"
"f5072faa-b44b-4b01-9310-0f2f0368f6c8","April Turner","april.turner@example.com","0","AAUO7SFTB50l2mqhf+1wFuUsW7ieDOsNDE6MwIQ5BfPpzdhZbkZLlthnq2Gu7zqxbw==","b3dde495-3d07-44a6-bf2f-78ec618f5bba","(167)-873-3197","1","0","","0","0","april.turner@example.com"
"7cbab849-fdda-4c36-b16d-1e260a4d0f5b","Pearl Simpson","pearl.simpson@example.com","0","AAUO7SFTB50l2mqhf+1wFuUsW7ieDOsNDE6MwIQ5BfPpzdhZbkZLlthnq2Gu7zqxbw==","b3dde495-3d07-44a6-bf2f-78ec618f5bba","(233)-013-2706","1","0","","0","0","pearl.simpson@example.com"
"ec82faf7-61dd-43f4-b22c-72fd71b25ead","Chester Morrison","chester.morrison@example.com","0","AAUO7SFTB50l2mqhf+1wFuUsW7ieDOsNDE6MwIQ5BfPpzdhZbkZLlthnq2Gu7zqxbw==","b3dde495-3d07-44a6-bf2f-78ec618f5bba","(234)-902-3565","1","0","","0","0","chester.morrison@example.com"
"41adc453-d20b-40d6-a95a-9f8ec5ba9456","Rosemary Holt","rosemary.holt@example.com","0","AAUO7SFTB50l2mqhf+1wFuUsW7ieDOsNDE6MwIQ5BfPpzdhZbkZLlthnq2Gu7zqxbw==","b3dde495-3d07-44a6-bf2f-78ec618f5bba","(541)-583-5766","1","0","","0","0","rosemary.holt@example.com"
"5bb775de-9696-4294-a3ed-8efc77fa5d68","Anita Wells","anita.wells@example.com","0","AAUO7SFTB50l2mqhf+1wFuUsW7ieDOsNDE6MwIQ5BfPpzdhZbkZLlthnq2Gu7zqxbw==","b3dde495-3d07-44a6-bf2f-78ec618f5bba","(985)-858-5308","1","0","","0","0","anita.wells@example.com"
"9eea0f6b-535c-49e6-93e1-2846d952ae16","Carolyn Wilson","carolyn.wilson@example.com","0","AAUO7SFTB50l2mqhf+1wFuUsW7ieDOsNDE6MwIQ5BfPpzdhZbkZLlthnq2Gu7zqxbw==","b3dde495-3d07-44a6-bf2f-78ec618f5bba","(442)-160-4673","1","0","","0","0","carolyn.wilson@example.com"
"43cbb82c-2ffb-4acf-bd86-fc099569e557","Emily Porter","emily.porter@example.com","0","AAUO7SFTB50l2mqhf+1wFuUsW7ieDOsNDE6MwIQ5BfPpzdhZbkZLlthnq2Gu7zqxbw==","b3dde495-3d07-44a6-bf2f-78ec618f5bba","(969)-721-8338","1","0","","0","0","emily.porter@example.com"
"45f44064-5a6e-43d9-8752-e87fd9adc3df","Katrina Watkins","katrina.watkins@example.com","0","AAUO7SFTB50l2mqhf+1wFuUsW7ieDOsNDE6MwIQ5BfPpzdhZbkZLlthnq2Gu7zqxbw==","b3dde495-3d07-44a6-bf2f-78ec618f5bba","(895)-476-4634","1","0","","0","0","katrina.watkins@example.com"
"1def60b5-5e22-4727-91a9-21f3c8b934fb","Jackie Perkins","jackie.perkins@example.com","0","AAUO7SFTB50l2mqhf+1wFuUsW7ieDOsNDE6MwIQ5BfPpzdhZbkZLlthnq2Gu7zqxbw==","b3dde495-3d07-44a6-bf2f-78ec618f5bba","(934)-789-0987","1","0","","0","0","jackie.perkins@example.com"
"c483dfbc-400b-4afb-88c6-840a8e81a699","Tamara Jimenez","tamara.jimenez@example.com","0","AAUO7SFTB50l2mqhf+1wFuUsW7ieDOsNDE6MwIQ5BfPpzdhZbkZLlthnq2Gu7zqxbw==","b3dde495-3d07-44a6-bf2f-78ec618f5bba","(467)-173-8466","1","0","","0","0","tamara.jimenez@example.com"
"9bb36d02-58d4-44c1-81b3-7da014523ec9","Francis Sims","francis.sims@example.com","0","AAUO7SFTB50l2mqhf+1wFuUsW7ieDOsNDE6MwIQ5BfPpzdhZbkZLlthnq2Gu7zqxbw==","b3dde495-3d07-44a6-bf2f-78ec618f5bba","(862)-318-7947","1","0","","0","0","francis.sims@example.com"
"865914b7-9848-47ef-a05e-e3d7a4d95de2","Francis Simpson","francis.simpson@example.com","0","AAUO7SFTB50l2mqhf+1wFuUsW7ieDOsNDE6MwIQ5BfPpzdhZbkZLlthnq2Gu7zqxbw==","b3dde495-3d07-44a6-bf2f-78ec618f5bba","(269)-163-5443","1","0","","0","0","francis.simpson@example.com"
"441a7d96-7796-4692-a1b2-b34d72e23495","Leroy Sanders","leroy.sanders@example.com","0","AAUO7SFTB50l2mqhf+1wFuUsW7ieDOsNDE6MwIQ5BfPpzdhZbkZLlthnq2Gu7zqxbw==","b3dde495-3d07-44a6-bf2f-78ec618f5bba","(085)-033-9796","1","0","","0","0","leroy.sanders@example.com"
"09c4e00f-8c70-45b2-a3cb-50b768435e31","Jimmy Fernandez","jimmy.fernandez@example.com","0","AAUO7SFTB50l2mqhf+1wFuUsW7ieDOsNDE6MwIQ5BfPpzdhZbkZLlthnq2Gu7zqxbw==","b3dde495-3d07-44a6-bf2f-78ec618f5bba","(752)-336-9632","1","0","","0","0","jimmy.fernandez@example.com"
"c49fb0ce-855e-41b6-a00d-cd50cd15ef1d","Veronica Reed","veronica.reed@example.com","0","AAUO7SFTB50l2mqhf+1wFuUsW7ieDOsNDE6MwIQ5BfPpzdhZbkZLlthnq2Gu7zqxbw==","b3dde495-3d07-44a6-bf2f-78ec618f5bba","(043)-688-4773","1","0","","0","0","veronica.reed@example.com"
"6c1456c9-78f6-4a04-8e29-68c54bd7a549","Ben Carlson","ben.carlson@example.com","0","AAUO7SFTB50l2mqhf+1wFuUsW7ieDOsNDE6MwIQ5BfPpzdhZbkZLlthnq2Gu7zqxbw==","b3dde495-3d07-44a6-bf2f-78ec618f5bba","(097)-984-7772","1","0","","0","0","ben.carlson@example.com"
"57f221ac-9de5-4958-9e1a-3444d9f9d92b","Guy Hall","guy.hall@example.com","0","AAUO7SFTB50l2mqhf+1wFuUsW7ieDOsNDE6MwIQ5BfPpzdhZbkZLlthnq2Gu7zqxbw==","b3dde495-3d07-44a6-bf2f-78ec618f5bba","(938)-321-5726","1","0","","0","0","guy.hall@example.com"
"78aa47d4-0a5e-4e26-b7d6-b565da4fdb13","Frances Williams","frances.williams@example.com","0","AAUO7SFTB50l2mqhf+1wFuUsW7ieDOsNDE6MwIQ5BfPpzdhZbkZLlthnq2Gu7zqxbw==","b3dde495-3d07-44a6-bf2f-78ec618f5bba","(407)-232-1165","1","0","","0","0","frances.williams@example.com"
"0976bacf-5f50-442a-86cd-da61e7d0e2ab","Eduardo Burns","eduardo.burns@example.com","0","AAUO7SFTB50l2mqhf+1wFuUsW7ieDOsNDE6MwIQ5BfPpzdhZbkZLlthnq2Gu7zqxbw==","b3dde495-3d07-44a6-bf2f-78ec618f5bba","(026)-114-4557","1","0","","0","0","eduardo.burns@example.com"
"1d25b2dd-e4e4-47e6-947b-cd2bdaa161ff","Gerald Kelley","gerald.kelley@example.com","0","AAUO7SFTB50l2mqhf+1wFuUsW7ieDOsNDE6MwIQ5BfPpzdhZbkZLlthnq2Gu7zqxbw==","b3dde495-3d07-44a6-bf2f-78ec618f5bba","(074)-332-1494","1","0","","0","0","gerald.kelley@example.com"
"6728bef8-3572-45f3-8832-f69ae0e6efb3","Brianna Fowler","brianna.fowler@example.com","0","AAUO7SFTB50l2mqhf+1wFuUsW7ieDOsNDE6MwIQ5BfPpzdhZbkZLlthnq2Gu7zqxbw==","b3dde495-3d07-44a6-bf2f-78ec618f5bba","(074)-055-4417","1","0","","0","0","brianna.fowler@example.com"
"5c2e849e-73bb-4b31-a425-1c122aa142bf","Terry Ross","terry.ross@example.com","0","AAUO7SFTB50l2mqhf+1wFuUsW7ieDOsNDE6MwIQ5BfPpzdhZbkZLlthnq2Gu7zqxbw==","b3dde495-3d07-44a6-bf2f-78ec618f5bba","(726)-763-6888","1","0","","0","0","terry.ross@example.com"
"28ec5f09-be3f-4730-932a-b2c285cb63d8","Meghan Hamilton","meghan.hamilton@example.com","0","AAUO7SFTB50l2mqhf+1wFuUsW7ieDOsNDE6MwIQ5BfPpzdhZbkZLlthnq2Gu7zqxbw==","b3dde495-3d07-44a6-bf2f-78ec618f5bba","(305)-658-5965","1","0","","0","0","meghan.hamilton@example.com"
"9935addf-1df6-4fd0-a8d1-1a9c40d0cc1d","Alfredo Rodriquez","alfredo.rodriquez@example.com","0","AAUO7SFTB50l2mqhf+1wFuUsW7ieDOsNDE6MwIQ5BfPpzdhZbkZLlthnq2Gu7zqxbw==","b3dde495-3d07-44a6-bf2f-78ec618f5bba","(184)-643-6123","1","0","","0","0","alfredo.rodriquez@example.com"
"7605913d-d45e-4668-91f5-b824a36b2e98","Lee Kim","lee.kim@example.com","0","AAUO7SFTB50l2mqhf+1wFuUsW7ieDOsNDE6MwIQ5BfPpzdhZbkZLlthnq2Gu7zqxbw==","b3dde495-3d07-44a6-bf2f-78ec618f5bba","(918)-091-8692","1","0","","0","0","lee.kim@example.com"
"a167e5a6-8a46-4042-95c5-4ebc94c54ae2","Craig Peck","craig.peck@example.com","0","AAUO7SFTB50l2mqhf+1wFuUsW7ieDOsNDE6MwIQ5BfPpzdhZbkZLlthnq2Gu7zqxbw==","b3dde495-3d07-44a6-bf2f-78ec618f5bba","(625)-433-4757","1","0","","0","0","craig.peck@example.com"
"b40639d4-d4fc-4989-9ed9-316cacb5a505","Janice Cox","janice.cox@example.com","0","AAUO7SFTB50l2mqhf+1wFuUsW7ieDOsNDE6MwIQ5BfPpzdhZbkZLlthnq2Gu7zqxbw==","b3dde495-3d07-44a6-bf2f-78ec618f5bba","(805)-969-2697","1","0","","0","0","janice.cox@example.com"
"f61f25e0-f011-47a0-b759-f1fb80ea40de","Isaac Sanchez","isaac.sanchez@example.com","0","AAUO7SFTB50l2mqhf+1wFuUsW7ieDOsNDE6MwIQ5BfPpzdhZbkZLlthnq2Gu7zqxbw==","b3dde495-3d07-44a6-bf2f-78ec618f5bba","(027)-254-2974","1","0","","0","0","isaac.sanchez@example.com"
"e37a1b0f-71d7-4d42-994e-a91e25592de0","Alma Daniels","alma.daniels@example.com","0","AAUO7SFTB50l2mqhf+1wFuUsW7ieDOsNDE6MwIQ5BfPpzdhZbkZLlthnq2Gu7zqxbw==","b3dde495-3d07-44a6-bf2f-78ec618f5bba","(781)-590-8303","1","0","","0","0","alma.daniels@example.com"
"97b410ff-16cf-4667-8a48-b0f28dbfab38","Ricky Newman","ricky.newman@example.com","0","AAUO7SFTB50l2mqhf+1wFuUsW7ieDOsNDE6MwIQ5BfPpzdhZbkZLlthnq2Gu7zqxbw==","b3dde495-3d07-44a6-bf2f-78ec618f5bba","(228)-213-6271","1","0","","0","0","ricky.newman@example.com"
"e9697edd-6f19-4d36-86eb-0ad7e5d3e9d6","Brent Carlson","brent.carlson@example.com","0","AAUO7SFTB50l2mqhf+1wFuUsW7ieDOsNDE6MwIQ5BfPpzdhZbkZLlthnq2Gu7zqxbw==","b3dde495-3d07-44a6-bf2f-78ec618f5bba","(918)-748-9742","1","0","","0","0","brent.carlson@example.com"
"7675a022-8e81-41a1-ab1f-0b4bafc8af63","Michele Ramirez","michele.ramirez@example.com","0","AAUO7SFTB50l2mqhf+1wFuUsW7ieDOsNDE6MwIQ5BfPpzdhZbkZLlthnq2Gu7zqxbw==","b3dde495-3d07-44a6-bf2f-78ec618f5bba","(510)-111-9254","1","0","","0","0","michele.ramirez@example.com"
"fbce2bee-731e-485b-9b9e-7bf37f0e7e40","Melinda Carlson","melinda.carlson@example.com","0","AAUO7SFTB50l2mqhf+1wFuUsW7ieDOsNDE6MwIQ5BfPpzdhZbkZLlthnq2Gu7zqxbw==","b3dde495-3d07-44a6-bf2f-78ec618f5bba","(482)-265-1283","1","0","","0","0","melinda.carlson@example.com"
"b5ddfa0d-fa2e-4072-bee8-857e7cf4607a","Andy Prescott","andy.prescott@example.com","0","AAUO7SFTB50l2mqhf+1wFuUsW7ieDOsNDE6MwIQ5BfPpzdhZbkZLlthnq2Gu7zqxbw==","b3dde495-3d07-44a6-bf2f-78ec618f5bba","(176)-925-2500","1","0","","0","0","andy.prescott@example.com"
"c0c7565c-85f9-4092-ad06-262b376c0fb2","George Hernandez","george.hernandez@example.com","0","AAUO7SFTB50l2mqhf+1wFuUsW7ieDOsNDE6MwIQ5BfPpzdhZbkZLlthnq2Gu7zqxbw==","b3dde495-3d07-44a6-bf2f-78ec618f5bba","(606)-497-1293","1","0","","0","0","george.hernandez@example.com"
"521b0d12-3cf8-4d47-b7b9-282dd6e5780e","Rosemary Hansen","rosemary.hansen@example.com","0","AAUO7SFTB50l2mqhf+1wFuUsW7ieDOsNDE6MwIQ5BfPpzdhZbkZLlthnq2Gu7zqxbw==","b3dde495-3d07-44a6-bf2f-78ec618f5bba","(400)-324-0244","1","0","","0","0","rosemary.hansen@example.com"
"8618843e-0da1-4415-aa4f-0392ef27892a","Ernest Payne","ernest.payne@example.com","0","AAUO7SFTB50l2mqhf+1wFuUsW7ieDOsNDE6MwIQ5BfPpzdhZbkZLlthnq2Gu7zqxbw==","b3dde495-3d07-44a6-bf2f-78ec618f5bba","(397)-542-7907","1","0","","0","0","ernest.payne@example.com"
"47e56195-3cb9-4f77-a763-0cc29107ac7a","Dianne White","dianne.white@example.com","0","AAUO7SFTB50l2mqhf+1wFuUsW7ieDOsNDE6MwIQ5BfPpzdhZbkZLlthnq2Gu7zqxbw==","b3dde495-3d07-44a6-bf2f-78ec618f5bba","(212)-289-9700","1","0","","0","0","dianne.white@example.com"
"4317a6ad-5e8e-4922-85c7-81a310e24a55","Willie Bell","willie.bell@example.com","0","AAUO7SFTB50l2mqhf+1wFuUsW7ieDOsNDE6MwIQ5BfPpzdhZbkZLlthnq2Gu7zqxbw==","b3dde495-3d07-44a6-bf2f-78ec618f5bba","(453)-204-5174","1","0","","0","0","willie.bell@example.com"
"6cbc9988-ce60-49aa-ab63-f0cec2996651","Sophie Edwards","sophie.edwards@example.com","0","AAUO7SFTB50l2mqhf+1wFuUsW7ieDOsNDE6MwIQ5BfPpzdhZbkZLlthnq2Gu7zqxbw==","b3dde495-3d07-44a6-bf2f-78ec618f5bba","(005)-148-0186","1","0","","0","0","sophie.edwards@example.com"
"e3c82c54-5e3c-49e5-a748-085976927f83","Jesse Burns","jesse.burns@example.com","0","AAUO7SFTB50l2mqhf+1wFuUsW7ieDOsNDE6MwIQ5BfPpzdhZbkZLlthnq2Gu7zqxbw==","b3dde495-3d07-44a6-bf2f-78ec618f5bba","(222)-955-8050","1","0","","0","0","jesse.burns@example.com"
"45d50ec6-ecb6-4b4b-b23a-cc050da93b8e","Nathan Wood","nathan.wood@example.com","0","AAUO7SFTB50l2mqhf+1wFuUsW7ieDOsNDE6MwIQ5BfPpzdhZbkZLlthnq2Gu7zqxbw==","b3dde495-3d07-44a6-bf2f-78ec618f5bba","(332)-084-1524","1","0","","0","0","nathan.wood@example.com"
"92715ff7-9777-4e89-97d6-2eb2e3b23cd2","Tony Boyd","tony.boyd@example.com","0","AAUO7SFTB50l2mqhf+1wFuUsW7ieDOsNDE6MwIQ5BfPpzdhZbkZLlthnq2Gu7zqxbw==","b3dde495-3d07-44a6-bf2f-78ec618f5bba","(134)-415-8511","1","0","","0","0","tony.boyd@example.com"
"e8965f07-5358-4504-90ea-28972992e557","Lee Larson","lee.larson@example.com","0","AAUO7SFTB50l2mqhf+1wFuUsW7ieDOsNDE6MwIQ5BfPpzdhZbkZLlthnq2Gu7zqxbw==","b3dde495-3d07-44a6-bf2f-78ec618f5bba","(526)-607-5126","1","0","","0","0","lee.larson@example.com"
"8e8d4ec9-5671-4aa0-9bd9-6d3724d3da0d","Jill Day","jill.day@example.com","0","AAUO7SFTB50l2mqhf+1wFuUsW7ieDOsNDE6MwIQ5BfPpzdhZbkZLlthnq2Gu7zqxbw==","b3dde495-3d07-44a6-bf2f-78ec618f5bba","(002)-792-2707","1","0","","0","0","jill.day@example.com"
"c602d797-9ce9-4323-ab48-bd5063ab76d2","Logan Bradley","logan.bradley@example.com","0","AAUO7SFTB50l2mqhf+1wFuUsW7ieDOsNDE6MwIQ5BfPpzdhZbkZLlthnq2Gu7zqxbw==","b3dde495-3d07-44a6-bf2f-78ec618f5bba","(494)-424-5421","1","0","","0","0","logan.bradley@example.com"
"cf0fb34e-a7b1-4618-976a-0c20c65ed99e","Bryan Harper","bryan.harper@example.com","0","AAUO7SFTB50l2mqhf+1wFuUsW7ieDOsNDE6MwIQ5BfPpzdhZbkZLlthnq2Gu7zqxbw==","b3dde495-3d07-44a6-bf2f-78ec618f5bba","(997)-887-9466","1","0","","0","0","bryan.harper@example.com"
"04482ac2-58b7-4921-9610-26b889c1b658","Ralph Lawrence","ralph.lawrence@example.com","0","AAUO7SFTB50l2mqhf+1wFuUsW7ieDOsNDE6MwIQ5BfPpzdhZbkZLlthnq2Gu7zqxbw==","b3dde495-3d07-44a6-bf2f-78ec618f5bba","(254)-573-5933","1","0","","0","0","ralph.lawrence@example.com"
"b893234c-2e9e-44f4-817d-fb799de366dc","Genesis Peters","genesis.peters@example.com","0","AAUO7SFTB50l2mqhf+1wFuUsW7ieDOsNDE6MwIQ5BfPpzdhZbkZLlthnq2Gu7zqxbw==","b3dde495-3d07-44a6-bf2f-78ec618f5bba","(356)-590-8053","1","0","","0","0","genesis.peters@example.com"
"3a43fcb1-b9c4-46c3-ae54-55d27ef6e0be","Minnie Lane","minnie.lane@example.com","0","AAUO7SFTB50l2mqhf+1wFuUsW7ieDOsNDE6MwIQ5BfPpzdhZbkZLlthnq2Gu7zqxbw==","b3dde495-3d07-44a6-bf2f-78ec618f5bba","(983)-857-0633","1","0","","0","0","minnie.lane@example.com"
